cnes,nome_fantasia,bairro_cnes,regiao_administrativa,cod_regiao_saude,regiao_saude,observacao
0010456,HOSPITAL DE BASE DO DISTRITO FEDERAL,ASA SUL,Plano Piloto,53006,Central,
0010464,HRAN,PLANO PILOTO,Plano Piloto,53006,Central,
0010472,HRG,GAMA,Gama,53004,Sul,
0010480,HOSPITAL REGIONAL DE CEILANDIA,CEILANDIA,Ceilândia,53002,Oeste,
0010499,HRT HOSPITAL REGIONAL DE TAGUATINGA,TAGUATINGA,Taguatinga,53003,Sudoeste,
0010502,HRS,SOBRADINHO,Sobradinho,53007,Norte,
0010510,HOSPITAL UNIVERSITARIO DE BRASILIA,ASA NORTE,Plano Piloto,53006,Central,
0010529,HRPL,PLANALTINA,Planaltina,53007,Norte,
0010537,HOSPITAL MATERNO INFANTIL DR ANTONIO LISBOA,ASA SUL,Plano Piloto,53006,Central,
0010545,HRBZ,SETOR TRADICIONAL,Brazlândia,53002,Oeste,
0010596,CEDIN,ASA SUL,Plano Piloto,53006,Central,
0010618,HOSPITAL SAO VICENTE DE PAULO HSVP,TAGUATINGA CENTRO,Taguatinga,53003,Sudoeste,
0049867,HOSPITAL AGUAS CLARAS,AGUAS CLARAS,Águas Claras,53003,Sudoeste,
0174971,HOSPITAL DE CAMPANHA COVID 19,BRASILIA,Plano Piloto,53006,Central,temporário (pandemia)
0734403,HOSPITAL DE CAMPANHA COVID 19 GAMA,GAMA,Gama,53004,Sul,temporário (pandemia)
0755834,HOSPITAL DE CAMPANHA COVID 19 AUTODROMO,ASA NORTE,Plano Piloto,53006,Central,temporário (pandemia)
0766216,HOSPITAL DE CAMPANHA COVID 19 CEILANDIA,CEILANDIA,Ceilândia,53002,Oeste,temporário (pandemia)
0252492,HOSPITAL DE CAMPANHA DO CENTRO MEDICO DA PM,SPS,Plano Piloto,53006,Central,temporário (pandemia); Setor Policial Sul - conferir RA
0255416,HODF,ASA SUL,Plano Piloto,53006,Central,
0426067,AFYA HOSPITAL ESPECIALIZADO,ASA SUL,Plano Piloto,53006,Central,
2616718,HOB BRASILIA,ASA SUL,Plano Piloto,53006,Central,
2643154,COTP,ASA SUL,Plano Piloto,53006,Central,
2645157,HRL,PARANOA,Paranoá,53008,Leste,
2649497,HOSPITAL SANTA MARTA,TAGUATINGA SUL,Taguatinga,53003,Sudoeste,
2649527,HOSPITAL DE APOIO DE BRASILIA HAB,NOROESTE,Plano Piloto,53006,Central,
2650355,CASA DE PARTO DE SAO SEBASTIAO,SAO SEBASTIAO,São Sebastião,53008,Leste,
2672197,HRSAM HOSPITAL REGIONAL DE SAMAMBAIA,SAMAMBAIA,Samambaia,53003,Sudoeste,
2673916,SARAH BRASILIA,ASA SUL,Plano Piloto,53006,Central,
2779366,OFTALMED,ASA SUL,Plano Piloto,53006,Central,
2814897,HOSPITAL REGIONAL DO GUARA I,GUARA I,Guará,53005,Centro-Sul,
2815966,HOSPITAL SANTA LUCIA,ASA SUL,Plano Piloto,53006,Central,
2866161,HOSPITAL MANTEVIDA TAGUATINGA,AGUAS CLARAS,Águas Claras,53003,Sudoeste,
3013162,HOSPITAL MARIA AUXILIADORA,GAMA,Gama,53004,Sul,
3018520,HOSPITAL ANCHIETA CEILANDIA,CEILANDIA SUL,Ceilândia,53002,Oeste,
3019616,PRONTONORTE,ASA NORTE,Plano Piloto,53006,Central,
3025020,PRONTO SOCORRO DE FRATURAS,CEILANDIA SUL,Ceilândia,53002,Oeste,
3030121,HOSPITAL ANCHIETA,TAGUATINGA,Taguatinga,53003,Sudoeste,
3055450,CBV,ASA SUL,Plano Piloto,53006,Central,
3276678,INSTITUTO DE CARDIOLOGIA E TRANSPLANTES DO DISTRITO FEDERAL,CRUZEIRO NOVO,Cruzeiro,53006,Central,
3548104,VISTA HOSPITAL DA CATARATA DE BRASILIA,TAGUATINGA,Taguatinga,53003,Sudoeste,
4275608,HOSPITAL DE OLHOS LAGO NORTE HDOL,SETOR DE HABITACOES,Lago Norte,53006,Central,
5717515,HRSM,SANTA MARIA,Santa Maria,53004,Sul,
5831628,CLINICA RECANTO,CEILANDIA,Brazlândia,53002,Oeste,Núcleo Rural Alexandre Gusmão - conferir RA
6243495,HOME HOSPITAL ORTOPEDICO E MEDICINA ESPECIALIZADA,ASA SUL,Plano Piloto,53006,Central,
6585760,CENTRO DE ATENCAO PSICOSSOCIAL AD III CEILANDIA,CEILANDIA SUL,Ceilândia,53002,Oeste,
6665098,CAPS III SAMAMBAIA,SUL,Samambaia,53003,Sudoeste,
6730914,HOSPITAL SAO MATEUS,CRUZEIRO VELHO,Cruzeiro,53006,Central,
6876617,HOSPITAL DA CRIANCA DE BRASILIA JOSE ALENCAR HCB,SETOR NOROESTE,Plano Piloto,53006,Central,
7116373,PRIME HOME CARE,ASA NORTE,Plano Piloto,53006,Central,
7219695,CAPS AD CANDANGO,ASA SUL,Plano Piloto,53006,Central,
7423136,HOSPITAL DE OLHOS DO GAMA,GAMA,Gama,53004,Sul,
7929129,CLINICA DE OLHOS DR JOAO EUGENIO,LAGO SUL,Lago Sul,53006,Central,
7978642,HOSPITAL DAHER LAGO SUL SA,SETOR DE HABITACOES,Lago Sul,53006,Central,
7980221,VISAO HOSPITAL DE OLHOS,ASA SUL,Plano Piloto,53006,Central,
9040021,DOMED,CEILANDIA SUL CEILA,Ceilândia,53002,Oeste,
9710248,HJB HOSPITAL,SETOR HABITACIONAL J,Jardim Botânico,53008,Leste,
